Workbook

Sheet 0-Config
A1: miniMoc — Configuration matérielle de test
A3: Entrées
A4: Port | B4: Type | C4: Appareil
A5: A | B5: TRS | C5: Novation SL MK2
A6: B | B6: TRS | C6: Electribe 2
A7: C | B7: USB Host | C7: Arturia MiniLab
A8: D | B8: USB Host | C8: (libre — tests de branchement à chaud)
A9: E | B9: USB Host | C9: (libre — tests de branchement à chaud)
A12: Sorties
A13: Port | B13: Type | C13: Appareil
A14: 1 | B14: TRS | C14: Dreadbox Typhon
A15: 2 | B15: TRS | C15: Minifreak
A16: 3 | B16: TRS | C16: Electribe 2
A17: 4 | B17: TRS | C17: reface CP
A18: 5 | B18: TRS | C18: Keytron SD1000
A19: 6 | B19: TRS | C19: Novation SL MK2
A20: 7 | B20: USB Host | C20: OP-1
A21: 8 | B21: USB Host | C21: (libre)
A22: 9 | B22: USB Host | C22: (libre)
A25: Poste informatique
A26: Rôle | B26: Machine
A27: Smart Mirror / enregistrement DAW | B27: PC + Ableton Live (branché en USB sur le miniMoc)
A28: Éditeur web (weblink) | B28: PC + navigateur Chrome ou Edge, weblink/index.html (ou URL hébergée)
A31: Point d'attention config : l'Electribe 2 est câblée à la fois en entrée B et en sortie 3, et le Novation SL MK2 à la fois en entrée A et en sortie 6. Vérifier lors des tests de bouclage qu'un message n'est pas indéfiniment renvoyé vers sa propre source (voir MATRICE-05, FLUX-06). Point d'attention USB Host : MiniLab (entrée C) et OP-1 (sortie 7) sont deux appareils USB distincts. En mode AUTO, l'assignation des slots est FIFO — l'ordre de branchement détermine qui devient C/D/E. Testé en section 7 (HOST CONFIG).

Sheet Synthese
A1: miniMoc — Synthèse des tests
A3: Thème | B3: Nb tests | C3: OK | D3: KO | E3: Non testé / vide
A4: 1-Connectique | B4: 5 | C4: =COUNTIF('1-Connectique'!D2:D6,"OK") | D4: =COUNTIF('1-Connectique'!D2:D6,"KO") | E4: =B4-C4-D4
A5: 2-Matrice | B5: 9 | C5: =COUNTIF('2-Matrice'!D2:D10,"OK") | D5: =COUNTIF('2-Matrice'!D2:D10,"KO") | E5: =B5-C5-D5
A6: 3-Flux | B6: 7 | C6: =COUNTIF('3-Flux'!D2:D8,"OK") | D6: =COUNTIF('3-Flux'!D2:D8,"KO") | E6: =B6-C6-D6
A7: 4-Sync | B7: 9 | C7: =COUNTIF('4-Sync'!D2:D10,"OK") | D7: =COUNTIF('4-Sync'!D2:D10,"KO") | E7: =B7-C7-D7
A8: 5-Transport | B8: 10 | C8: =COUNTIF('5-Transport'!D2:D11,"OK") | D8: =COUNTIF('5-Transport'!D2:D11,"KO") | E8: =B8-C8-D8
A9: 6-Presets | B9: 7 | C9: =COUNTIF('6-Presets'!D2:D8,"OK") | D9: =COUNTIF('6-Presets'!D2:D8,"KO") | E9: =B9-C9-D9
A10: 7-HostConfig | B10: 9 | C10: =COUNTIF('7-HostConfig'!D2:D10,"OK") | D10: =COUNTIF('7-HostConfig'!D2:D10,"KO") | E10: =B10-C10-D10
A11: 8-Monitor | B11: 8 | C11: =COUNTIF('8-Monitor'!D2:D9,"OK") | D11: =COUNTIF('8-Monitor'!D2:D9,"KO") | E11: =B11-C11-D11
A12: 9-System | B12: 6 | C12: =COUNTIF('9-System'!D2:D7,"OK") | D12: =COUNTIF('9-System'!D2:D7,"KO") | E12: =B12-C12-D12
A13: 10-SmartMirror | B13: 8 | C13: =COUNTIF('10-SmartMirror'!D2:D9,"OK") | D13: =COUNTIF('10-SmartMirror'!D2:D9,"KO") | E13: =B13-C13-D13
A14: 11-RecordSD | B14: 6 | C14: =COUNTIF('11-RecordSD'!D2:D7,"OK") | D14: =COUNTIF('11-RecordSD'!D2:D7,"KO") | E14: =B14-C14-D14
A15: 12-Weblink | B15: 10 | C15: =COUNTIF('12-Weblink'!D2:D11,"OK") | D15: =COUNTIF('12-Weblink'!D2:D11,"KO") | E15: =B15-C15-D15
A16: 13-Robustesse | B16: 6 | C16: =COUNTIF('13-Robustesse'!D2:D7,"OK") | D16: =COUNTIF('13-Robustesse'!D2:D7,"KO") | E16: =B16-C16-D16
A17: TOTAL | B17: =SUM(B4:B16) | C17: =SUM(C4:C16) | D17: =SUM(D4:D16) | E17: =SUM(E4:E16)

Sheet 1-Connectique
A1: ID | B1: Procédure | C1: Résultat attendu | D1: Résultat | E1: Commentaire
A2: CONN-01 | B2: Démarrer le miniMoc sans rien de branché | C2: Écran logo puis carousel s'affiche normalement, aucun blocage
A3: CONN-02 | B3: Brancher Novation SL MK2 sur A, Electribe 2 sur B (câbles TRS) | C3: MONITOR (page VU-mètres) affiche une activité sur A et B dès qu'une note est jouée sur chaque appareil
A4: CONN-03 | B4: Brancher MiniLab sur un port USB Host du miniMoc | C4: SYSTEM → INFO liste MiniLab parmi les devices USB (D1..D6) ; MONITOR affiche l'activité sur le port logique C (mode AUTO, 1er device = C)
A5: CONN-04 | B5: Brancher les 6 sorties TRS (Typhon=1, Minifreak=2, Electribe2=3, reface CP=4, Keytron=5, SL MK2=6) et OP-1 sur une sortie USB Host | C5: SYSTEM → INFO confirme la présence d'OP-1 ; aucune sortie TRS ne nécessite de config
A6: CONN-05 | B6: Débrancher puis rebrancher le câble USB PC pendant que le miniMoc fonctionne seul (sans PC) | C6: Le routage MIDI matériel (TRS/USB Host) continue de fonctionner sans interruption pendant le débranchement

Sheet 2-Matrice
A1: ID | B1: Procédure | C1: Résultat attendu | D1: Résultat | E1: Commentaire
A2: MATRICE-01 | B2: Charger le preset d'usine VIDE, jouer une note sur Novation SL MK2 (A) | C2: Aucune sortie ne reçoit la note
A3: MATRICE-02 | B3: Activer la cellule [A, 1] (MATRICE), jouer une note sur A | C3: Dreadbox Typhon (sortie 1) reçoit la note, sur tous les canaux (passthrough canal)
A4: MATRICE-03 | B4: Activer [A,1] et [A,2] simultanément | C4: Note de Novation SL MK2 arrive à la fois sur Typhon (1) et Minifreak (2)
A5: MATRICE-04 | B5: Charger le preset DIAGONALE (A→1, B→2, C→3, D→4, E→5) | C5: Novation SL MK2 (A) → Typhon (1) ; Electribe2 (B) → Minifreak (2) ; MiniLab (C) → Electribe2 (3)
A6: MATRICE-05 | B6: Activer [B,3] (Electribe2 → Electribe2 en sortie 3) | C6: La note jouée sur l'Electribe2 (entrée B) ressort sur sa propre entrée MIDI (sortie 3) — vérifier absence de boucle infinie ou de blocage
A7: MATRICE-06 | B7: Charger le preset MERGE | C7: Toutes les entrées (A,B,C) arrivent sur toutes les sorties actives ; jouer sur MiniLab (C) doit atteindre les 6 sorties TRS + OP-1 (7)
A8: MATRICE-07 | B8: Charger USB>TRS | C8: MiniLab (C, entrée USB) routé vers les sorties TRS 1–6 ; aucune sortie vers OP-1 (7)
A9: MATRICE-08 | B9: Charger TRS>USB | C9: Novation SL MK2 (A) et Electribe2 (B) routés vers OP-1 (sortie 7 USB Host) ; aucune sortie TRS
A10: MATRICE-09 | B10: Désactiver toutes les cellules (retour VIDE) puis vérifier via MONITOR | C10: Barres d'entrée VU-mètre continuent de s'allumer (réception indépendante du routage) mais aucune sortie ne s'anime

Sheet 3-Flux
A1: ID | B1: Procédure | C1: Résultat attendu | D1: Résultat | E1: Commentaire
A2: FLUX-01 | B2: Créer un flux : Entrée B canal 10 uniquement → Sortie 3 canal 1 (remap) | C2: Jouer canal 10 sur Electribe2 (B) → arrive sur Electribe2 (sortie 3) reconverti en canal 1 ; jouer canal 1 sur B ne passe pas
A3: FLUX-02 | B3: Créer un flux : Entrée A (ALL canaux) → Sortie 6 (ALL, passthrough) | C3: Toute note de Novation SL MK2 (A), quel que soit le canal, ressort sur sa propre sortie 6 (SL MK2), canal conservé
A4: FLUX-03 | B4: Créer un flux multi-entrées : {A, ch1} + {B, ch2} → {sortie 4, ch1} | C4: ch1 de SL MK2 et ch2 d'Electribe2 arrivent tous deux sur reface CP (sortie 4) en canal 1
A5: FLUX-04 | B5: Créer 16 flux (maximum) | C5: Le 17e flux est refusé ou impossible à créer (limite respectée)
A6: FLUX-05 | B6: Activer un flux ET la cellule MATRICE correspondante en parallèle (ex FLUX-01 + MATRICE [B,3]) | C6: Doublement du signal MIDI observé sur Electribe2 sortie 3 (comportement cumulatif documenté — non un bug)
A7: FLUX-06 | B7: Modifier un flux existant (bouton Éditer) puis le supprimer (✕) | C7: Modification appliquée immédiatement ; suppression stoppe le routage correspondant sans affecter les autres flux/matrice
A8: FLUX-07 | B8: Créer un flux avec sélection multi-canaux via la grille 4×4 (ex. ch1, ch3, ch7 sur MiniLab C) | C8: Seules les notes sur les canaux cochés passent, les autres canaux de C sont bloqués pour ce flux

Sheet 4-Sync
A1: ID | B1: Procédure | C1: Résultat attendu | D1: Résultat | E1: Commentaire
A2: SYNC-01 | B2: Régler SYNC = A (TRS), envoyer Clock depuis Novation SL MK2 sur l'entrée A | C2: Toutes les sorties actives (TRS 1–6 + OP-1 si branché) reçoivent le Clock ; MONITOR page BPM affiche le tempo mesuré
A3: SYNC-02 | B3: Régler SYNC = C (USB Host), envoyer Clock depuis MiniLab | C3: Clock diffusé sur toutes les sorties ; vérifier qu'aucune autre source n'est écoutée en parallèle
A4: SYNC-03 | B4: Régler SYNC = A (USB/PC), envoyer Clock depuis Ableton via le câble miroir A | C4: Clock d'Ableton propagé sur les sorties, alors qu'un clock TRS simultané sur l'entrée physique A est ignoré
A5: SYNC-04 | B5: Envoyer simultanément un Clock TRS sur A et un Clock USB/PC sur le miroir A, avec SYNC=A (TRS) | C5: Seul le clock TRS physique est suivi, le clock USB/PC est ignoré (pas de tempo instable/mélangé)
A6: SYNC-05 | B6: Régler SYNC = MINIMOC, définir un BPM via le menu TRANSPORT | C6: Le miniMoc génère lui-même le Clock en continu, y compris en naviguant dans d'autres menus ou avec le VU-mètre MONITOR actif
A7: SYNC-06 | B7: SYNC = MINIMOC, envoyer volontairement un Start MIDI externe depuis SL MK2 sur A | C7: Le Start externe est ignoré (seule la source sélectionnée est maître)
A8: SYNC-07 | B8: Régler SYNC = OFF | C8: Aucun Clock/Start/Stop/Continue n'est propagé sur aucune sortie, quel que soit ce qui est branché en entrée
A9: SYNC-08 | B9: Parcourir la liste des 11 sources + OFF depuis l'écran OLED SYNC | C9: La source active est marquée d'un *, indépendamment de la position du curseur ; le choix est conservé après redémarrage (persistance EEPROM)
A10: SYNC-09 | B10: Sélectionner une source SYNC depuis l'onglet SYNC de l'éditeur web | C10: Réglage appliqué et sauvegardé immédiatement, visible aussi sur l'écran OLED

Sheet 5-Transport
A1: ID | B1: Procédure | C1: Résultat attendu | D1: Résultat | E1: Commentaire
A2: TRSP-01 | B2: Entrer dans le menu TRANSPORT, tourner l'encodeur (SYNC=MINIMOC) | C2: BPM affiché change de ±1 ; ±5 si rotation rapide (< 180 ms entre crans)
A3: TRSP-02 | B3: Clic encodeur (1er appui) | C3: Indicateur passe à PLAY, un message Start (FA) est envoyé sur toutes les sorties + miroir PC
A4: TRSP-03 | B4: Clic simple BACK pendant PLAY | C4: Retour au menu précédent (pas de Stop)
A5: TRSP-04 | B5: Revenir dans TRANSPORT, clic encodeur (Pause) | C5: Indicateur PAUSE, message Stop (FC) envoyé, transport_resumable=true
A6: TRSP-05 | B6: Clic encodeur à nouveau depuis PAUSE | C6: Message Continue (FB) envoyé (pas un nouveau Start)
A7: TRSP-06 | B7: Depuis PAUSE, clic simple BACK | C7: STOP réel (le prochain Play enverra Start, pas Continue)
A8: TRSP-07 | B8: Maintenir BACK + clic encodeur | C8: Message MMC Record Strobe envoyé (SysEx F0 7F 7F 06 06 F7)
A9: TRSP-08 | B9: Maintenir BACK + tourner à droite / à gauche | C9: MMC Fast Forward / Rewind envoyés respectivement
A10: TRSP-09 | B10: Rester sur l'écran TRANSPORT et vérifier le long-appui BACK global (retour logo) | C10: Le geste global BACK→logo (1s) est désactivé sur cet écran, pour ne pas interrompre les gestes chordés
A11: TRSP-10 | B11: Piloter Play/Pause/Stop/Record/FF/RW depuis l'onglet SYNC de l'éditeur web | C11: Mêmes effets que les gestes physiques, cohérence affichée entre OLED et éditeur web

Sheet 6-Presets
A1: ID | B1: Procédure | C1: Résultat attendu | D1: Résultat | E1: Commentaire
A2: PRST-01 | B2: Configurer un routage (MATRICE + FLUX + SYNC), Sauver sur preset 5 | C2: Fichier /PRESETS/PRST05.DAT créé/mis à jour sur la carte SD
A3: PRST-02 | B3: Charger un autre preset puis recharger le preset 5 | C3: Routage, flux et réglage SYNC restaurés à l'identique
A4: PRST-03 | B4: Redémarrer le miniMoc (coupure d'alimentation) | C4: Le dernier preset actif (EEPROM) est rechargé automatiquement au boot
A5: PRST-04 | B5: Charger chacun des 8 presets d'usine (VIDE, DIAGONALE, MERGE, DISPATCH, TOTAL, SPLIT, USB>TRS, TRS>USB) | C5: Chaque preset produit le comportement décrit dans le guide utilisateur
A6: PRST-05 | B6: Charger un preset legacy v1 (si disponible) | C6: Migration automatique vers v3 sans perte (route_matrix legacy → basic_matrix déduite)
A7: PRST-06 | B7: Sauver/charger un preset via l'éditeur web | C7: Comportement identique à l'écran OLED, astérisque * affiché en cas de modif non sauvée
A8: PRST-07 | B8: Tester la limite haute (preset 32) | C8: Sauvegarde/chargement fonctionne sans erreur

Sheet 7-HostConfig
A1: ID | B1: Procédure | C1: Résultat attendu | D1: Résultat | E1: Commentaire
A2: HOST-01 | B2: Mode AUTO, brancher MiniLab en premier puis OP-1 en second | C2: MiniLab → port logique C (+7 en miroir de slot), OP-1 second device → assigné au slot suivant (D+8)
A3: HOST-02 | B3: Mode AUTO, débrancher/rebrancher les deux appareils dans l'ordre inverse | C3: L'assignation change en fonction du nouvel ordre de branchement (comportement FIFO documenté)
A4: HOST-03 | B4: Passer en mode MANUEL depuis SYSTEM → HOST CONFIG | C4: Listes déroulantes activées, assigner explicitement le slot de MiniLab → C et le slot d'OP-1 → 7
A5: HOST-04 | B5: Avec le mapping manuel de HOST-03, débrancher/rebrancher MiniLab et OP-1 en même temps, en désordre | C5: Chaque appareil retrouve son port logique via VID:PID, indépendamment de l'ordre physique de branchement
A6: HOST-05 | B6: Éteindre/rallumer le miniMoc avec le mapping MANUEL déjà configuré | C6: Mapping conservé après redémarrage (persistance EEPROM adresse 2)
A7: HOST-06 | B7: Configurer HOST CONFIG depuis l'éditeur web (onglet HOST CONFIG) | C7: Résultat identique à la configuration via écran OLED
A8: HOST-07 | B8: Brancher un 3e appareil USB Host sur le port D ou E libre (branchement à chaud) | C8: Le nouvel appareil est détecté sans reboot ; SYSTEM → INFO le liste
A9: HOST-08 | B9: Provoquer un problème de reconnaissance (débrancher pendant l'activité) puis lancer USB LINK | C9: Re-détection des appareils en ~2,5 s sans reboot complet
A10: HOST-09 | B10: Lancer USB RESET | C10: Redémarrage complet du Teensy, tous les appareils USB Host se ré-énumèrent proprement

Sheet 8-Monitor
A1: ID | B1: Procédure | C1: Résultat attendu | D1: Résultat | E1: Commentaire
A2: MON-01 | B2: Entrer dans MONITOR (page VU-mètres), jouer sur chacune des 3 entrées (A, B, C) | C2: Chaque barre d'entrée s'allume à réception, avec fondu ~500 ms, indépendamment du routage actif
A3: MON-02 | B3: Router A→1 (MATRICE) et jouer sur A | C3: Barre d'entrée A ET barre de sortie 1 (Typhon) s'animent
A4: MON-03 | B4: Tourner l'encodeur vers la droite pour passer à la page BPM, SYNC = A (TRS) actif avec Clock envoyé | C4: Tempo du maître affiché en grand, arrondi à l'entier le plus proche ; source maître rappelée en haut
A5: MON-04 | B5: Couper la source Clock plus de 2 secondes | C5: Écran affiche NO CLOCK
A6: MON-05 | B6: Régler SYSTEM → BPM REFRESH sur 5000 ms, changer le tempo pendant l'affichage de la page BPM | C6: L'affichage ne se met à jour qu'après ~5 s, sauf clic encodeur qui force une actualisation immédiate
A7: MON-06 | B7: Régler BPM REFRESH sur MANUEL | C7: Affichage jamais rafraîchi automatiquement ; seul le clic encodeur actualise
A8: MON-07 | B8: Vérifier le clignotement de la LED embarquée pendant la lecture SYNC=MINIMOC | C8: LED clignote à chaque temps (toutes les 24 ticks), indépendamment de l'écran affiché
A9: MON-08 | B9: Retourner à l'écran d'accueil après consultation MONITOR | C9: Limiter le temps sur MONITOR en usage à forte densité MIDI pour éviter le jitter dû au refresh I²C (~20 ms)

Sheet 9-System
A1: ID | B1: Procédure | C1: Résultat attendu | D1: Résultat | E1: Commentaire
A2: SYS-01 | B2: SYSTEM → INFO | C2: Stats carte SD affichées + liste des devices USB physiques branchés (MiniLab, OP-1)
A3: SYS-02 | B3: SYSTEM → CONTRASTE, faire varier de 16 à 255 | C3: Luminosité OLED change visiblement sur toute la plage
A4: SYS-03 | B4: SYSTEM → USB LINK | C4: Polling 2,5 s, appareils USB non reconnus forcés à se ré-énumérer, sans reboot
A5: SYS-04 | B5: SYSTEM → USB RESET | C5: Reboot complet du Teensy (équivalent power-cycle), retour au logo puis restauration preset/config
A6: SYS-05 | B6: SYSTEM → BPM REFRESH, parcourir toutes les options (250/500/1000/2000/5000/MANUEL) | C6: Chaque valeur est sélectionnable et persistée en EEPROM (adresse 36)
A7: SYS-06 | B7: Retirer la carte SD puis consulter SYSTEM → INFO | C7: Message d'absence de carte cohérent, pas de blocage du firmware

Sheet 10-SmartMirror
A1: ID | B1: Procédure | C1: Résultat attendu | D1: Résultat | E1: Commentaire
A2: MIRROR-01 | B2: Brancher le miniMoc en USB sur le PC, ouvrir Ableton Live | C2: Le miniMoc apparaît comme périphérique MIDI multi-port (15 câbles virtuels), sans installation de driver
A3: MIRROR-02 | B3: Dans Ableton, armer une piste sur le câble correspondant à l'entrée A, jouer sur Novation SL MK2 | C3: La note est reçue en temps réel dans Ableton (câble 1 = entrée physique A)
A4: MIRROR-03 | B4: Router A→1 (MATRICE), armer dans Ableton le câble correspondant à la sortie 1 | C4: Ableton reçoit également le miroir de ce qui sort vers Dreadbox Typhon (câbles 6-11 = sorties 1–6)
A5: MIRROR-04 | B5: Jouer sur MiniLab (entrée C, USB Host) avec Ableton armé sur le câble 3 (entrées USB Host C/D/E) | C5: Réception confirmée dans Ableton indépendamment du routage
A6: MIRROR-05 | B6: Envoyer du MIDI depuis Ableton sur le câble miroir de sortie 7 (OP-1) | C6: Le message ressort physiquement sur OP-1 comme si envoyé directement par le miniMoc
A7: MIRROR-06 | B7: Débrancher le PC en cours d'utilisation | C7: Le miniMoc continue de fonctionner en autonome (Smart Mirror non requis pour le fonctionnement standalone)
A8: MIRROR-07 | B8: Rebrancher le PC | C8: Les mêmes ports réapparaissent dans Ableton avec les mêmes numéros de câble
A9: MIRROR-08 | B9: Test croisé SYNC-03/04 avec Ableton comme source de Clock via le câble miroir A | C9: Confirme le comportement TRS vs USB/PC documenté en section SYNC

Sheet 11-RecordSD
A1: ID | B1: Procédure | C1: Résultat attendu | D1: Résultat | E1: Commentaire
A2: REC-01 | B2: Jouer sur plusieurs entrées avec un routage actif pendant quelques minutes | C2: Fichier(s) /REC/RECnnn.DAT créé(s)/mis à jour sur la carte SD
A3: REC-02 | B3: Remplir jusqu'à REC099 puis continuer à jouer | C3: REC001 est écrasé (ring buffer confirmé)
A4: REC-03 | B4: Brancher le miniMoc en USB sous Windows, vérifier qu'il apparaît en disque amovible | C4: Fichiers /REC/*.DAT accessibles en copie
A5: REC-04 | B5: Charger un .dat dans l'éditeur web, onglet DAT → MIDI | C5: Événements affichés dans un tableau (horodatage, source, destination, type, canal)
A6: REC-05 | B6: Configurer l'export : diviser par sortie physique, BPM 120, PPQ 960, cocher les pistes | C6: Fichier .mid téléchargé, lisible dans un lecteur MIDI standard, tempo et résolution respectés
A7: REC-06 | B7: Répéter REC-05 en divisant par source d'entrée plutôt que sortie | C7: Pistes réparties différemment dans le fichier exporté, conformément au choix

Sheet 12-Weblink
A1: ID | B1: Procédure | C1: Résultat attendu | D1: Résultat | E1: Commentaire
A2: WEB-01 | B2: Ouvrir weblink/index.html dans Chrome/Edge, brancher le miniMoc en USB | C2: Menu déroulant « Port MIDI » liste le miniMoc
A3: WEB-02 | B3: Sélectionner le port miniMoc | C3: Point de statut passe au vert (Connecté), badge de version firmware affiché à côté du logo
A4: WEB-03 | B4: Ouvrir avec un navigateur non-Chromium (Firefox) | C4: Connexion impossible (Web MIDI API non supportée) — comportement attendu, à documenter
A5: WEB-04 | B5: Tester chaque onglet (SYNC, MATRICE, FLUX, HOST CONFIG, FIRMWARE, DAT→MIDI) avec la config matérielle en place | C5: Chaque onglet reflète et modifie l'état réel du miniMoc en temps réel
A6: WEB-05 | B6: Modifier une cellule MATRICE depuis le navigateur, vérifier sur l'écran OLED | C6: Changement appliqué immédiatement et visible sur les deux interfaces
A7: WEB-06 | B7: Onglet FIRMWARE → sélectionner une version depuis « Firmwares du serveur » | C7: Fichier .hex téléchargé automatiquement depuis le serveur
A8: WEB-07 | B8: Lancer la mise à jour firmware (⬆), choisir le port série dans le sélecteur navigateur | C8: Barre de progression, confirmation, redémarrage automatique du miniMoc avec le nouveau firmware actif
A9: WEB-08 | B9: Vérifier le comportement si le firmware connecté est plus ancien que l'éditeur web | C9: Bandeau d'avertissement affiché avec lien vers une version compatible du configurateur
A10: WEB-09 | B10: Onglet FIRMWARE → « Fichier local », glisser un .hex compilé manuellement (Arduino IDE) | C10: Même flux de mise à jour que WEB-06/07, avec le fichier local
A11: WEB-10 | B11: Brancher/débrancher le miniMoc pendant que l'éditeur web est ouvert | C11: Le menu déroulant Port MIDI reflète la (dé)connexion sans crash de la page

Sheet 13-Robustesse
A1: ID | B1: Procédure | C1: Résultat attendu | D1: Résultat | E1: Commentaire
A2: ROB-01 | B2: Couper l'alimentation brutalement pendant une écriture SD (sauvegarde preset ou enregistrement) | C2: Redémarrage propre, pas de corruption bloquante de la carte SD (au pire perte du dernier événement)
A3: ROB-02 | B3: Enchaîner rapidement de nombreux changements MATRICE/FLUX/SYNC via l'éditeur web | C3: Pas de blocage ni désynchronisation entre firmware et éditeur web
A4: ROB-03 | B4: Saturer une sortie TRS avec un flux dense (ex. pitch bend continu sur SL MK2) pendant que SYNC=MINIMOC | C4: Le Clock interne (IntervalTimer/ISR) reste stable, pas de dérive tempo malgré la charge UART
A5: ROB-04 | B5: Saturer une sortie USB Host (OP-1) de la même façon | C5: internal_clock_flush_usb() absorbe le flag en best-effort ; pas de blocage prolongé du Clock USB Host
A6: ROB-05 | B6: Naviguer dans tous les menus OLED pendant qu'un Clock externe rapide (200+ BPM) est actif sur une entrée TRS | C6: Pas de perte de synchro DIN (l'ISR UART préempte l'affichage OLED bloquant ~8ms)
A7: ROB-06 | B7: Débrancher un appareil USB Host en pleine transmission MIDI (ex. MiniLab pendant une note tenue) | C7: Pas de note bloquée en stuck note sur les sorties routées ; récupération propre après USB LINK/RESET
